Orch OR in one sentence?	Consciousness arises from orchestrated quantum state reductions in microtubules inside neurons (Penrose and Hameroff).
What sets the timing of objective reduction in Orch OR?	A gravity-related threshold, roughly τ ≈ ħ / E_G: bigger mass separation, sooner collapse.
Main physics objection to Orch OR?	The warm, wet brain should destroy quantum coherence in about 10⁻¹³ to 10⁻²⁰ seconds (Tegmark, 2000). Defenders dispute the estimate.
What evidence do Orch OR's authors cite?	Gamma-band EEG as the best correlate of consciousness, and anaesthetics appearing to act on microtubules.
Integrated Information Theory in one sentence?	Consciousness is integrated information, Φ: how much a system's causal structure is more than its parts (Tononi; Koch).
What does IIT say about a feedforward network?	Φ = 0, so not conscious, however clever its outputs.
Main objections to IIT?	Φ is intractable to compute; it rates some simple logic-gate grids as highly conscious; critics call it untestable, which supporters reject.
Faggin's position?	Consciousness and free will are fundamental, tied to quantum information that cannot be copied, so classical computers cannot be conscious.
What do computational views (such as Global Workspace Theory) say about AI?	Consciousness depends on organisation, not substrate, so an AI with the right architecture could in principle be conscious.
Brain capacity: synapse count versus microtubule automata?	About 4 × 10¹⁵ bits per second (Moravec) versus 10²³ to 10²⁵ (Rasmussen, Hameroff and colleagues, 1990).
Why did the 1990 microtubule paper question neural networks as brain models?	Real neurons are more like computers than switches, and backpropagation has no clear biological counterpart.
